--
-- PostgreSQL database dump
--

\restrict CBsPzBoTf1QKZu00e0xfckA36XMJg8txXuWjS9AD7S0HlMGdNUerpAqLViJzP90

-- Dumped from database version 15.17 (Debian 15.17-1.pgdg13+1)
-- Dumped by pg_dump version 15.17 (Debian 15.17-1.pgdg13+1)

SET statement_timeout = 0;
SET lock_timeout = 0;
SET idle_in_transaction_session_timeout = 0;
SET client_encoding = 'UTF8';
SET standard_conforming_strings = on;
SELECT pg_catalog.set_config('search_path', '', false);
SET check_function_bodies = false;
SET xmloption = content;
SET client_min_messages = warning;
SET row_security = off;

SET default_tablespace = '';

SET default_table_access_method = heap;

--
-- Name: auth_group; Type: TABLE; Schema: public; Owner: postgres
--

CREATE TABLE public.auth_group (
    id integer NOT NULL,
    name character varying(150) NOT NULL
);


ALTER TABLE public.auth_group OWNER TO postgres;

--
-- Name: auth_group_id_seq; Type: SEQUENCE; Schema: public; Owner: postgres
--

ALTER TABLE public.auth_group ALTER COLUMN id ADD GENERATED BY DEFAULT AS IDENTITY (
    SEQUENCE NAME public.auth_group_id_seq
    START WITH 1
    INCREMENT BY 1
    NO MINVALUE
    NO MAXVALUE
    CACHE 1
);


--
-- Name: auth_group_permissions; Type: TABLE; Schema: public; Owner: postgres
--

CREATE TABLE public.auth_group_permissions (
    id bigint NOT NULL,
    group_id integer NOT NULL,
    permission_id integer NOT NULL
);


ALTER TABLE public.auth_group_permissions OWNER TO postgres;

--
-- Name: auth_group_permissions_id_seq; Type: SEQUENCE; Schema: public; Owner: postgres
--

ALTER TABLE public.auth_group_permissions ALTER COLUMN id ADD GENERATED BY DEFAULT AS IDENTITY (
    SEQUENCE NAME public.auth_group_permissions_id_seq
    START WITH 1
    INCREMENT BY 1
    NO MINVALUE
    NO MAXVALUE
    CACHE 1
);


--
-- Name: auth_permission; Type: TABLE; Schema: public; Owner: postgres
--

CREATE TABLE public.auth_permission (
    id integer NOT NULL,
    name character varying(255) NOT NULL,
    content_type_id integer NOT NULL,
    codename character varying(100) NOT NULL
);


ALTER TABLE public.auth_permission OWNER TO postgres;

--
-- Name: auth_permission_id_seq; Type: SEQUENCE; Schema: public; Owner: postgres
--

ALTER TABLE public.auth_permission ALTER COLUMN id ADD GENERATED BY DEFAULT AS IDENTITY (
    SEQUENCE NAME public.auth_permission_id_seq
    START WITH 1
    INCREMENT BY 1
    NO MINVALUE
    NO MAXVALUE
    CACHE 1
);


--
-- Name: django_admin_log; Type: TABLE; Schema: public; Owner: postgres
--

CREATE TABLE public.django_admin_log (
    id integer NOT NULL,
    action_time timestamp with time zone NOT NULL,
    object_id text,
    object_repr character varying(200) NOT NULL,
    action_flag smallint NOT NULL,
    change_message text NOT NULL,
    content_type_id integer,
    user_id bigint NOT NULL,
    CONSTRAINT django_admin_log_action_flag_check CHECK ((action_flag >= 0))
);


ALTER TABLE public.django_admin_log OWNER TO postgres;

--
-- Name: django_admin_log_id_seq; Type: SEQUENCE; Schema: public; Owner: postgres
--

ALTER TABLE public.django_admin_log ALTER COLUMN id ADD GENERATED BY DEFAULT AS IDENTITY (
    SEQUENCE NAME public.django_admin_log_id_seq
    START WITH 1
    INCREMENT BY 1
    NO MINVALUE
    NO MAXVALUE
    CACHE 1
);


--
-- Name: django_content_type; Type: TABLE; Schema: public; Owner: postgres
--

CREATE TABLE public.django_content_type (
    id integer NOT NULL,
    app_label character varying(100) NOT NULL,
    model character varying(100) NOT NULL
);


ALTER TABLE public.django_content_type OWNER TO postgres;

--
-- Name: django_content_type_id_seq; Type: SEQUENCE; Schema: public; Owner: postgres
--

ALTER TABLE public.django_content_type ALTER COLUMN id ADD GENERATED BY DEFAULT AS IDENTITY (
    SEQUENCE NAME public.django_content_type_id_seq
    START WITH 1
    INCREMENT BY 1
    NO MINVALUE
    NO MAXVALUE
    CACHE 1
);


--
-- Name: django_migrations; Type: TABLE; Schema: public; Owner: postgres
--

CREATE TABLE public.django_migrations (
    id bigint NOT NULL,
    app character varying(255) NOT NULL,
    name character varying(255) NOT NULL,
    applied timestamp with time zone NOT NULL
);


ALTER TABLE public.django_migrations OWNER TO postgres;

--
-- Name: django_migrations_id_seq; Type: SEQUENCE; Schema: public; Owner: postgres
--

ALTER TABLE public.django_migrations ALTER COLUMN id ADD GENERATED BY DEFAULT AS IDENTITY (
    SEQUENCE NAME public.django_migrations_id_seq
    START WITH 1
    INCREMENT BY 1
    NO MINVALUE
    NO MAXVALUE
    CACHE 1
);


--
-- Name: django_session; Type: TABLE; Schema: public; Owner: postgres
--

CREATE TABLE public.django_session (
    session_key character varying(40) NOT NULL,
    session_data text NOT NULL,
    expire_date timestamp with time zone NOT NULL
);


ALTER TABLE public.django_session OWNER TO postgres;

--
-- Name: room_reservations_attribute; Type: TABLE; Schema: public; Owner: postgres
--

CREATE TABLE public.room_reservations_attribute (
    id bigint NOT NULL,
    name character varying(50) NOT NULL
);


ALTER TABLE public.room_reservations_attribute OWNER TO postgres;

--
-- Name: room_reservations_attribute_id_seq; Type: SEQUENCE; Schema: public; Owner: postgres
--

ALTER TABLE public.room_reservations_attribute ALTER COLUMN id ADD GENERATED BY DEFAULT AS IDENTITY (
    SEQUENCE NAME public.room_reservations_attribute_id_seq
    START WITH 1
    INCREMENT BY 1
    NO MINVALUE
    NO MAXVALUE
    CACHE 1
);


--
-- Name: room_reservations_reservation; Type: TABLE; Schema: public; Owner: postgres
--

CREATE TABLE public.room_reservations_reservation (
    id bigint NOT NULL,
    start timestamp with time zone NOT NULL,
    "end" timestamp with time zone NOT NULL,
    status character varying(20) NOT NULL,
    note text NOT NULL,
    created_at timestamp with time zone NOT NULL,
    updated_at timestamp with time zone NOT NULL,
    room_id bigint NOT NULL,
    user_id bigint NOT NULL,
    title character varying(200) NOT NULL
);


ALTER TABLE public.room_reservations_reservation OWNER TO postgres;

--
-- Name: room_reservations_reservation_id_seq; Type: SEQUENCE; Schema: public; Owner: postgres
--

ALTER TABLE public.room_reservations_reservation ALTER COLUMN id ADD GENERATED BY DEFAULT AS IDENTITY (
    SEQUENCE NAME public.room_reservations_reservation_id_seq
    START WITH 1
    INCREMENT BY 1
    NO MINVALUE
    NO MAXVALUE
    CACHE 1
);


--
-- Name: room_reservations_room; Type: TABLE; Schema: public; Owner: postgres
--

CREATE TABLE public.room_reservations_room (
    id bigint NOT NULL,
    name character varying(100) NOT NULL,
    building character varying(100) NOT NULL,
    capacity integer NOT NULL,
    description text NOT NULL,
    CONSTRAINT room_reservations_room_capacity_check CHECK ((capacity >= 0))
);


ALTER TABLE public.room_reservations_room OWNER TO postgres;

--
-- Name: room_reservations_room_attributes; Type: TABLE; Schema: public; Owner: postgres
--

CREATE TABLE public.room_reservations_room_attributes (
    id bigint NOT NULL,
    room_id bigint NOT NULL,
    attribute_id bigint NOT NULL
);


ALTER TABLE public.room_reservations_room_attributes OWNER TO postgres;

--
-- Name: room_reservations_room_attributes_id_seq; Type: SEQUENCE; Schema: public; Owner: postgres
--

ALTER TABLE public.room_reservations_room_attributes ALTER COLUMN id ADD GENERATED BY DEFAULT AS IDENTITY (
    SEQUENCE NAME public.room_reservations_room_attributes_id_seq
    START WITH 1
    INCREMENT BY 1
    NO MINVALUE
    NO MAXVALUE
    CACHE 1
);


--
-- Name: room_reservations_room_id_seq; Type: SEQUENCE; Schema: public; Owner: postgres
--

ALTER TABLE public.room_reservations_room ALTER COLUMN id ADD GENERATED BY DEFAULT AS IDENTITY (
    SEQUENCE NAME public.room_reservations_room_id_seq
    START WITH 1
    INCREMENT BY 1
    NO MINVALUE
    NO MAXVALUE
    CACHE 1
);


--
-- Name: room_reservations_roomguardian; Type: TABLE; Schema: public; Owner: postgres
--

CREATE TABLE public.room_reservations_roomguardian (
    id bigint NOT NULL,
    room_id bigint NOT NULL,
    user_id bigint NOT NULL
);


ALTER TABLE public.room_reservations_roomguardian OWNER TO postgres;

--
-- Name: room_reservations_roomguardian_id_seq; Type: SEQUENCE; Schema: public; Owner: postgres
--

ALTER TABLE public.room_reservations_roomguardian ALTER COLUMN id ADD GENERATED BY DEFAULT AS IDENTITY (
    SEQUENCE NAME public.room_reservations_roomguardian_id_seq
    START WITH 1
    INCREMENT BY 1
    NO MINVALUE
    NO MAXVALUE
    CACHE 1
);


--
-- Name: security_user; Type: TABLE; Schema: public; Owner: postgres
--

CREATE TABLE public.security_user (
    id bigint NOT NULL,
    password character varying(128) NOT NULL,
    last_login timestamp with time zone,
    is_superuser boolean NOT NULL,
    username character varying(150) NOT NULL,
    first_name character varying(150) NOT NULL,
    last_name character varying(150) NOT NULL,
    email character varying(254) NOT NULL,
    is_staff boolean NOT NULL,
    is_active boolean NOT NULL,
    date_joined timestamp with time zone NOT NULL
);


ALTER TABLE public.security_user OWNER TO postgres;

--
-- Name: security_user_groups; Type: TABLE; Schema: public; Owner: postgres
--

CREATE TABLE public.security_user_groups (
    id bigint NOT NULL,
    user_id bigint NOT NULL,
    group_id integer NOT NULL
);


ALTER TABLE public.security_user_groups OWNER TO postgres;

--
-- Name: security_user_groups_id_seq; Type: SEQUENCE; Schema: public; Owner: postgres
--

ALTER TABLE public.security_user_groups ALTER COLUMN id ADD GENERATED BY DEFAULT AS IDENTITY (
    SEQUENCE NAME public.security_user_groups_id_seq
    START WITH 1
    INCREMENT BY 1
    NO MINVALUE
    NO MAXVALUE
    CACHE 1
);


--
-- Name: security_user_id_seq; Type: SEQUENCE; Schema: public; Owner: postgres
--

ALTER TABLE public.security_user ALTER COLUMN id ADD GENERATED BY DEFAULT AS IDENTITY (
    SEQUENCE NAME public.security_user_id_seq
    START WITH 1
    INCREMENT BY 1
    NO MINVALUE
    NO MAXVALUE
    CACHE 1
);


--
-- Name: security_user_user_permissions; Type: TABLE; Schema: public; Owner: postgres
--

CREATE TABLE public.security_user_user_permissions (
    id bigint NOT NULL,
    user_id bigint NOT NULL,
    permission_id integer NOT NULL
);


ALTER TABLE public.security_user_user_permissions OWNER TO postgres;

--
-- Name: security_user_user_permissions_id_seq; Type: SEQUENCE; Schema: public; Owner: postgres
--

ALTER TABLE public.security_user_user_permissions ALTER COLUMN id ADD GENERATED BY DEFAULT AS IDENTITY (
    SEQUENCE NAME public.security_user_user_permissions_id_seq
    START WITH 1
    INCREMENT BY 1
    NO MINVALUE
    NO MAXVALUE
    CACHE 1
);


--
-- Data for Name: auth_group; Type: TABLE DATA; Schema: public; Owner: postgres
--

COPY public.auth_group (id, name) FROM stdin;
\.


--
-- Data for Name: auth_group_permissions; Type: TABLE DATA; Schema: public; Owner: postgres
--

COPY public.auth_group_permissions (id, group_id, permission_id) FROM stdin;
\.


--
-- Data for Name: auth_permission; Type: TABLE DATA; Schema: public; Owner: postgres
--

COPY public.auth_permission (id, name, content_type_id, codename) FROM stdin;
1	Can add log entry	1	add_logentry
2	Can change log entry	1	change_logentry
3	Can delete log entry	1	delete_logentry
4	Can view log entry	1	view_logentry
5	Can add permission	2	add_permission
6	Can change permission	2	change_permission
7	Can delete permission	2	delete_permission
8	Can view permission	2	view_permission
9	Can add group	3	add_group
10	Can change group	3	change_group
11	Can delete group	3	delete_group
12	Can view group	3	view_group
13	Can add content type	4	add_contenttype
14	Can change content type	4	change_contenttype
15	Can delete content type	4	delete_contenttype
16	Can view content type	4	view_contenttype
17	Can add session	5	add_session
18	Can change session	5	change_session
19	Can delete session	5	delete_session
20	Can view session	5	view_session
21	Can add user	6	add_user
22	Can change user	6	change_user
23	Can delete user	6	delete_user
24	Can view user	6	view_user
25	Can add room	7	add_room
26	Can change room	7	change_room
27	Can delete room	7	delete_room
28	Can view room	7	view_room
29	Can add reservation	8	add_reservation
30	Can change reservation	8	change_reservation
31	Can delete reservation	8	delete_reservation
32	Can view reservation	8	view_reservation
33	Can add attribute	9	add_attribute
34	Can change attribute	9	change_attribute
35	Can delete attribute	9	delete_attribute
36	Can view attribute	9	view_attribute
37	Can add room guardian	10	add_roomguardian
38	Can change room guardian	10	change_roomguardian
39	Can delete room guardian	10	delete_roomguardian
40	Can view room guardian	10	view_roomguardian
\.


--
-- Data for Name: django_admin_log; Type: TABLE DATA; Schema: public; Owner: postgres
--

COPY public.django_admin_log (id, action_time, object_id, object_repr, action_flag, change_message, content_type_id, user_id) FROM stdin;
1	2026-04-11 06:32:15.990901+00	1	admin opiekuje się Sala 041	1	[{"added": {}}]	10	1
\.


--
-- Data for Name: django_content_type; Type: TABLE DATA; Schema: public; Owner: postgres
--

COPY public.django_content_type (id, app_label, model) FROM stdin;
1	admin	logentry
2	auth	permission
3	auth	group
4	contenttypes	contenttype
5	sessions	session
6	security	user
7	room_reservations	room
8	room_reservations	reservation
9	room_reservations	attribute
10	room_reservations	roomguardian
\.


--
-- Data for Name: django_migrations; Type: TABLE DATA; Schema: public; Owner: postgres
--

COPY public.django_migrations (id, app, name, applied) FROM stdin;
1	contenttypes	0001_initial	2026-04-11 06:24:15.38739+00
2	contenttypes	0002_remove_content_type_name	2026-04-11 06:24:15.392762+00
3	auth	0001_initial	2026-04-11 06:24:15.420949+00
4	auth	0002_alter_permission_name_max_length	2026-04-11 06:24:15.42491+00
5	auth	0003_alter_user_email_max_length	2026-04-11 06:24:15.429041+00
6	auth	0004_alter_user_username_opts	2026-04-11 06:24:15.433498+00
7	auth	0005_alter_user_last_login_null	2026-04-11 06:24:15.437633+00
8	auth	0006_require_contenttypes_0002	2026-04-11 06:24:15.439084+00
9	auth	0007_alter_validators_add_error_messages	2026-04-11 06:24:15.443281+00
10	auth	0008_alter_user_username_max_length	2026-04-11 06:24:15.447562+00
11	auth	0009_alter_user_last_name_max_length	2026-04-11 06:24:15.453035+00
12	auth	0010_alter_group_name_max_length	2026-04-11 06:24:15.457977+00
13	auth	0011_update_proxy_permissions	2026-04-11 06:24:15.462104+00
14	auth	0012_alter_user_first_name_max_length	2026-04-11 06:24:15.466191+00
15	security	0001_initial	2026-04-11 06:24:15.504242+00
16	admin	0001_initial	2026-04-11 06:24:15.519405+00
17	admin	0002_logentry_remove_auto_add	2026-04-11 06:24:15.525587+00
18	admin	0003_logentry_add_action_flag_choices	2026-04-11 06:24:15.531859+00
19	room_reservations	0001_initial	2026-04-11 06:24:15.565823+00
20	room_reservations	0002_rename_room_reser_room_id_5ed067_idx_room_reserv_room_id_17806d_idx	2026-04-11 06:24:15.573128+00
21	room_reservations	0003_attribute_and_room_attributes	2026-04-11 06:24:15.596664+00
22	room_reservations	0004_fix_attributes_schema	2026-04-11 06:24:15.605835+00
23	room_reservations	0005_roomguardian	2026-04-11 06:24:15.62386+00
24	room_reservations	0006_alter_room_attributes	2026-04-11 06:24:15.633088+00
25	room_reservations	0007_reservation_title	2026-04-11 06:24:15.643146+00
26	room_reservations	0008_alter_reservation_title_required	2026-04-11 06:24:15.653711+00
27	room_reservations	0008_alter_reservation_title	2026-04-11 06:24:15.662019+00
28	room_reservations	0009_merge_0008_title_branches	2026-04-11 06:24:15.663444+00
29	room_reservations	0010_alter_reservation_title_final	2026-04-11 06:24:15.671736+00
30	security	0002_alter_user_groups_alter_user_user_permissions	2026-04-11 06:24:15.688221+00
31	security	0003_remove_user_role_delete_role	2026-04-11 06:24:15.703762+00
32	sessions	0001_initial	2026-04-11 06:24:15.713901+00
\.


--
-- Data for Name: django_session; Type: TABLE DATA; Schema: public; Owner: postgres
--

COPY public.django_session (session_key, session_data, expire_date) FROM stdin;
x7kkh9mlm1ygpat1t4ec8mzwo1yjukfk	.eJxVjM0OwiAQhN-FsyGUnyAevfsMZFl2pWogKe3J-O7SpAc9zWS-mXmLCNta4tZpiXMWFzGJ02-WAJ9Ud5AfUO9NYqvrMie5V-RBu7y1TK_r0f07KNDLWHuvODDDUCBN2oOyjEYHdmwzeOQwOYPgrDor1MkGQ5yHA2BSDOLzBfkYOOc:1wBSKS:jbqus9CvGeZPcSXO0NMYzZBLdD7o5QBT3-TKlUZS0Rs	2026-04-25 07:00:28.663657+00
\.


--
-- Data for Name: room_reservations_attribute; Type: TABLE DATA; Schema: public; Owner: postgres
--

COPY public.room_reservations_attribute (id, name) FROM stdin;
1	Komputer
2	Rzutnik
3	Mikroskop
4	Tablica
5	Dostep Wi-Fi
6	Naglosnienie
7	Kamera
8	Drukarka 3D
\.


--
-- Data for Name: room_reservations_reservation; Type: TABLE DATA; Schema: public; Owner: postgres
--

COPY public.room_reservations_reservation (id, start, "end", status, note, created_at, updated_at, room_id, user_id, title) FROM stdin;
1	2026-04-10 22:00:00+00	2026-04-11 00:30:00+00	approved	Testowe spotkanie	2026-04-11 06:32:46.166535+00	2026-04-11 06:34:11.638532+00	41	1	Testowe spotkanie
2	2026-04-11 01:00:00+00	2026-04-11 03:30:00+00	rejected	Testowa_rezerwacja_1	2026-04-11 06:58:08.674751+00	2026-04-11 06:58:49.008202+00	41	1	Testowa_rezerwacja_1
\.


--
-- Data for Name: room_reservations_room; Type: TABLE DATA; Schema: public; Owner: postgres
--

COPY public.room_reservations_room (id, name, building, capacity, description) FROM stdin;
1	Sala 001	Wydzial Informatyki	12	Przykladowa sala 1 w budynku: Wydzial Informatyki.
2	Sala 002	Wydzial Informatyki	16	Przykladowa sala 2 w budynku: Wydzial Informatyki.
3	Sala 003	Wydzial Informatyki	20	Przykladowa sala 3 w budynku: Wydzial Informatyki.
4	Sala 004	Wydzial Informatyki	24	Przykladowa sala 4 w budynku: Wydzial Informatyki.
5	Sala 005	Wydzial Informatyki	30	Przykladowa sala 5 w budynku: Wydzial Informatyki.
6	Sala 006	Wydzial Informatyki	40	Przykladowa sala 6 w budynku: Wydzial Informatyki.
7	Sala 007	Wydzial Informatyki	60	Przykladowa sala 7 w budynku: Wydzial Informatyki.
8	Sala 008	Wydzial Informatyki	80	Przykladowa sala 8 w budynku: Wydzial Informatyki.
9	Sala 009	Wydzial Informatyki	120	Przykladowa sala 9 w budynku: Wydzial Informatyki.
10	Sala 010	Wydzial Informatyki	160	Przykladowa sala 10 w budynku: Wydzial Informatyki.
11	Sala 011	Wydzial Informatyki	12	Przykladowa sala 11 w budynku: Wydzial Informatyki.
12	Sala 012	Wydzial Informatyki	16	Przykladowa sala 12 w budynku: Wydzial Informatyki.
13	Sala 013	Wydzial Informatyki	20	Przykladowa sala 13 w budynku: Wydzial Informatyki.
14	Sala 014	Wydzial Informatyki	24	Przykladowa sala 14 w budynku: Wydzial Informatyki.
15	Sala 015	Wydzial Matematyki	30	Przykladowa sala 15 w budynku: Wydzial Matematyki.
16	Sala 016	Wydzial Matematyki	40	Przykladowa sala 16 w budynku: Wydzial Matematyki.
17	Sala 017	Wydzial Matematyki	60	Przykladowa sala 17 w budynku: Wydzial Matematyki.
18	Sala 018	Wydzial Matematyki	80	Przykladowa sala 18 w budynku: Wydzial Matematyki.
19	Sala 019	Wydzial Matematyki	120	Przykladowa sala 19 w budynku: Wydzial Matematyki.
20	Sala 020	Wydzial Matematyki	160	Przykladowa sala 20 w budynku: Wydzial Matematyki.
21	Sala 021	Wydzial Matematyki	12	Przykladowa sala 21 w budynku: Wydzial Matematyki.
22	Sala 022	Wydzial Matematyki	16	Przykladowa sala 22 w budynku: Wydzial Matematyki.
23	Sala 023	Wydzial Fizyki	20	Przykladowa sala 23 w budynku: Wydzial Fizyki.
24	Sala 024	Wydzial Fizyki	24	Przykladowa sala 24 w budynku: Wydzial Fizyki.
25	Sala 025	Wydzial Fizyki	30	Przykladowa sala 25 w budynku: Wydzial Fizyki.
26	Sala 026	Wydzial Fizyki	40	Przykladowa sala 26 w budynku: Wydzial Fizyki.
27	Sala 027	Wydzial Fizyki	60	Przykladowa sala 27 w budynku: Wydzial Fizyki.
28	Sala 028	Wydzial Fizyki	80	Przykladowa sala 28 w budynku: Wydzial Fizyki.
29	Sala 029	Wydzial Fizyki	120	Przykladowa sala 29 w budynku: Wydzial Fizyki.
30	Sala 030	Wydzial Chemii	160	Przykladowa sala 30 w budynku: Wydzial Chemii.
31	Sala 031	Wydzial Chemii	12	Przykladowa sala 31 w budynku: Wydzial Chemii.
32	Sala 032	Wydzial Chemii	16	Przykladowa sala 32 w budynku: Wydzial Chemii.
33	Sala 033	Wydzial Chemii	20	Przykladowa sala 33 w budynku: Wydzial Chemii.
34	Sala 034	Wydzial Chemii	24	Przykladowa sala 34 w budynku: Wydzial Chemii.
35	Sala 035	Wydzial Chemii	30	Przykladowa sala 35 w budynku: Wydzial Chemii.
36	Sala 036	Wydzial Biologii	40	Przykladowa sala 36 w budynku: Wydzial Biologii.
37	Sala 037	Wydzial Biologii	60	Przykladowa sala 37 w budynku: Wydzial Biologii.
38	Sala 038	Wydzial Biologii	80	Przykladowa sala 38 w budynku: Wydzial Biologii.
39	Sala 039	Wydzial Biologii	120	Przykladowa sala 39 w budynku: Wydzial Biologii.
40	Sala 040	Wydzial Biologii	160	Przykladowa sala 40 w budynku: Wydzial Biologii.
41	Sala 041	Biblioteka Glowna	12	Przykladowa sala 41 w budynku: Biblioteka Glowna.
42	Sala 042	Biblioteka Glowna	16	Przykladowa sala 42 w budynku: Biblioteka Glowna.
43	Sala 043	Biblioteka Glowna	20	Przykladowa sala 43 w budynku: Biblioteka Glowna.
44	Sala 044	Biblioteka Glowna	24	Przykladowa sala 44 w budynku: Biblioteka Glowna.
45	Sala 045	Centrum Jezykowe	30	Przykladowa sala 45 w budynku: Centrum Jezykowe.
46	Sala 046	Centrum Jezykowe	40	Przykladowa sala 46 w budynku: Centrum Jezykowe.
47	Sala 047	Centrum Jezykowe	60	Przykladowa sala 47 w budynku: Centrum Jezykowe.
48	Sala 048	Aula Glowna	80	Przykladowa sala 48 w budynku: Aula Glowna.
49	Sala 049	Aula Glowna	120	Przykladowa sala 49 w budynku: Aula Glowna.
50	Sala 050	Aula Glowna	160	Przykladowa sala 50 w budynku: Aula Glowna.
51	Sala 051	Wydzial Informatyki	12	Przykladowa sala 51 w budynku: Wydzial Informatyki.
52	Sala 052	Wydzial Matematyki	16	Przykladowa sala 52 w budynku: Wydzial Matematyki.
53	Sala 053	Wydzial Fizyki	20	Przykladowa sala 53 w budynku: Wydzial Fizyki.
54	Sala 054	Wydzial Chemii	24	Przykladowa sala 54 w budynku: Wydzial Chemii.
55	Sala 055	Wydzial Biologii	30	Przykladowa sala 55 w budynku: Wydzial Biologii.
56	Sala 056	Biblioteka Glowna	40	Przykladowa sala 56 w budynku: Biblioteka Glowna.
57	Sala 057	Centrum Jezykowe	60	Przykladowa sala 57 w budynku: Centrum Jezykowe.
58	Sala 058	Aula Glowna	80	Przykladowa sala 58 w budynku: Aula Glowna.
59	Sala 059	Wydzial Informatyki	120	Przykladowa sala 59 w budynku: Wydzial Informatyki.
60	Sala 060	Wydzial Matematyki	160	Przykladowa sala 60 w budynku: Wydzial Matematyki.
61	Sala 061	Wydzial Fizyki	12	Przykladowa sala 61 w budynku: Wydzial Fizyki.
62	Sala 062	Wydzial Chemii	16	Przykladowa sala 62 w budynku: Wydzial Chemii.
63	Sala 063	Wydzial Biologii	20	Przykladowa sala 63 w budynku: Wydzial Biologii.
64	Sala 064	Biblioteka Glowna	24	Przykladowa sala 64 w budynku: Biblioteka Glowna.
65	Sala 065	Centrum Jezykowe	30	Przykladowa sala 65 w budynku: Centrum Jezykowe.
66	Sala 066	Aula Glowna	40	Przykladowa sala 66 w budynku: Aula Glowna.
67	Sala 067	Wydzial Informatyki	60	Przykladowa sala 67 w budynku: Wydzial Informatyki.
68	Sala 068	Wydzial Matematyki	80	Przykladowa sala 68 w budynku: Wydzial Matematyki.
69	Sala 069	Wydzial Fizyki	120	Przykladowa sala 69 w budynku: Wydzial Fizyki.
70	Sala 070	Wydzial Chemii	160	Przykladowa sala 70 w budynku: Wydzial Chemii.
71	Sala 071	Wydzial Biologii	12	Przykladowa sala 71 w budynku: Wydzial Biologii.
72	Sala 072	Biblioteka Glowna	16	Przykladowa sala 72 w budynku: Biblioteka Glowna.
73	Sala 073	Centrum Jezykowe	20	Przykladowa sala 73 w budynku: Centrum Jezykowe.
74	Sala 074	Aula Glowna	24	Przykladowa sala 74 w budynku: Aula Glowna.
75	Sala 075	Wydzial Informatyki	30	Przykladowa sala 75 w budynku: Wydzial Informatyki.
76	Sala 076	Wydzial Matematyki	40	Przykladowa sala 76 w budynku: Wydzial Matematyki.
77	Sala 077	Wydzial Fizyki	60	Przykladowa sala 77 w budynku: Wydzial Fizyki.
78	Sala 078	Wydzial Chemii	80	Przykladowa sala 78 w budynku: Wydzial Chemii.
79	Sala 079	Wydzial Biologii	120	Przykladowa sala 79 w budynku: Wydzial Biologii.
80	Sala 080	Biblioteka Glowna	160	Przykladowa sala 80 w budynku: Biblioteka Glowna.
81	Sala 081	Centrum Jezykowe	12	Przykladowa sala 81 w budynku: Centrum Jezykowe.
82	Sala 082	Aula Glowna	16	Przykladowa sala 82 w budynku: Aula Glowna.
83	Sala 083	Wydzial Informatyki	20	Przykladowa sala 83 w budynku: Wydzial Informatyki.
84	Sala 084	Wydzial Matematyki	24	Przykladowa sala 84 w budynku: Wydzial Matematyki.
85	Sala 085	Wydzial Fizyki	30	Przykladowa sala 85 w budynku: Wydzial Fizyki.
86	Sala 086	Wydzial Chemii	40	Przykladowa sala 86 w budynku: Wydzial Chemii.
87	Sala 087	Wydzial Biologii	60	Przykladowa sala 87 w budynku: Wydzial Biologii.
88	Sala 088	Biblioteka Glowna	80	Przykladowa sala 88 w budynku: Biblioteka Glowna.
89	Sala 089	Centrum Jezykowe	120	Przykladowa sala 89 w budynku: Centrum Jezykowe.
90	Sala 090	Aula Glowna	160	Przykladowa sala 90 w budynku: Aula Glowna.
91	Sala 091	Wydzial Informatyki	12	Przykladowa sala 91 w budynku: Wydzial Informatyki.
92	Sala 092	Wydzial Matematyki	16	Przykladowa sala 92 w budynku: Wydzial Matematyki.
93	Sala 093	Wydzial Fizyki	20	Przykladowa sala 93 w budynku: Wydzial Fizyki.
94	Sala 094	Wydzial Chemii	24	Przykladowa sala 94 w budynku: Wydzial Chemii.
95	Sala 095	Wydzial Biologii	30	Przykladowa sala 95 w budynku: Wydzial Biologii.
96	Sala 096	Biblioteka Glowna	40	Przykladowa sala 96 w budynku: Biblioteka Glowna.
97	Sala 097	Centrum Jezykowe	60	Przykladowa sala 97 w budynku: Centrum Jezykowe.
98	Sala 098	Aula Glowna	80	Przykladowa sala 98 w budynku: Aula Glowna.
99	Sala 099	Wydzial Informatyki	120	Przykladowa sala 99 w budynku: Wydzial Informatyki.
100	Sala 100	Wydzial Matematyki	160	Przykladowa sala 100 w budynku: Wydzial Matematyki.
\.


--
-- Data for Name: room_reservations_room_attributes; Type: TABLE DATA; Schema: public; Owner: postgres
--

COPY public.room_reservations_room_attributes (id, room_id, attribute_id) FROM stdin;
1	1	1
2	1	2
3	1	3
4	2	2
5	2	3
6	2	4
7	2	5
8	3	3
9	3	4
10	4	4
11	4	5
12	4	6
13	5	8
14	5	5
15	5	6
16	5	7
17	6	6
18	6	7
19	7	8
20	7	1
21	7	7
22	8	8
23	8	1
24	8	2
25	8	3
26	9	1
27	9	2
28	10	2
29	10	3
30	10	4
31	11	3
32	11	4
33	11	5
34	11	6
35	12	4
36	12	5
37	13	5
38	13	6
39	13	7
40	14	8
41	14	1
42	14	6
43	14	7
44	15	8
45	15	7
46	16	8
47	16	1
48	16	2
49	17	1
50	17	2
51	17	3
52	17	4
53	18	2
54	18	3
55	19	3
56	19	4
57	19	5
58	20	4
59	20	5
60	20	6
61	20	7
62	21	5
63	21	6
64	22	8
65	22	6
66	22	7
67	23	8
68	23	1
69	23	2
70	23	7
71	24	8
72	24	1
73	25	1
74	25	2
75	25	3
76	26	2
77	26	3
78	26	4
79	26	5
80	27	3
81	27	4
82	28	4
83	28	5
84	28	6
85	29	8
86	29	5
87	29	6
88	29	7
89	30	6
90	30	7
91	31	8
92	31	1
93	31	7
94	32	8
95	32	1
96	32	2
97	32	3
98	33	1
99	33	2
100	34	2
101	34	3
102	34	4
103	35	3
104	35	4
105	35	5
106	35	6
107	36	4
108	36	5
109	37	5
110	37	6
111	37	7
112	38	8
113	38	1
114	38	6
115	38	7
116	39	8
117	39	7
118	40	8
119	40	1
120	40	2
121	41	1
122	41	2
123	41	3
124	41	4
125	42	2
126	42	3
127	43	3
128	43	4
129	43	5
130	44	4
131	44	5
132	44	6
133	44	7
134	45	5
135	45	6
136	46	8
137	46	6
138	46	7
139	47	8
140	47	1
141	47	2
142	47	7
143	48	8
144	48	1
145	49	1
146	49	2
147	49	3
148	50	2
149	50	3
150	50	4
151	50	5
152	51	3
153	51	4
154	52	4
155	52	5
156	52	6
157	53	8
158	53	5
159	53	6
160	53	7
161	54	6
162	54	7
163	55	8
164	55	1
165	55	7
166	56	8
167	56	1
168	56	2
169	56	3
170	57	1
171	57	2
172	58	2
173	58	3
174	58	4
175	59	3
176	59	4
177	59	5
178	59	6
179	60	4
180	60	5
181	61	5
182	61	6
183	61	7
184	62	8
185	62	1
186	62	6
187	62	7
188	63	8
189	63	7
190	64	8
191	64	1
192	64	2
193	65	1
194	65	2
195	65	3
196	65	4
197	66	2
198	66	3
199	67	3
200	67	4
201	67	5
202	68	4
203	68	5
204	68	6
205	68	7
206	69	5
207	69	6
208	70	8
209	70	6
210	70	7
211	71	8
212	71	1
213	71	2
214	71	7
215	72	8
216	72	1
217	73	1
218	73	2
219	73	3
220	74	2
221	74	3
222	74	4
223	74	5
224	75	3
225	75	4
226	76	4
227	76	5
228	76	6
229	77	8
230	77	5
231	77	6
232	77	7
233	78	6
234	78	7
235	79	8
236	79	1
237	79	7
238	80	8
239	80	1
240	80	2
241	80	3
242	81	1
243	81	2
244	82	2
245	82	3
246	82	4
247	83	3
248	83	4
249	83	5
250	83	6
251	84	4
252	84	5
253	85	5
254	85	6
255	85	7
256	86	8
257	86	1
258	86	6
259	86	7
260	87	8
261	87	7
262	88	8
263	88	1
264	88	2
265	89	1
266	89	2
267	89	3
268	89	4
269	90	2
270	90	3
271	91	3
272	91	4
273	91	5
274	92	4
275	92	5
276	92	6
277	92	7
278	93	5
279	93	6
280	94	8
281	94	6
282	94	7
283	95	8
284	95	1
285	95	2
286	95	7
287	96	8
288	96	1
289	97	1
290	97	2
291	97	3
292	98	2
293	98	3
294	98	4
295	98	5
296	99	3
297	99	4
298	100	4
299	100	5
300	100	6
\.


--
-- Data for Name: room_reservations_roomguardian; Type: TABLE DATA; Schema: public; Owner: postgres
--

COPY public.room_reservations_roomguardian (id, room_id, user_id) FROM stdin;
1	41	1
\.


--
-- Data for Name: security_user; Type: TABLE DATA; Schema: public; Owner: postgres
--

COPY public.security_user (id, password, last_login, is_superuser, username, first_name, last_name, email, is_staff, is_active, date_joined) FROM stdin;
1	pbkdf2_sha256$1000000$qnOYDHFnHaHrZKC6TNNRBu$ybyT0HvxXOENsfDrKrR8MqZZeFTv0648E4zbC93lay4=	2026-04-11 07:00:28.662046+00	t	admin			szczepanski.maksymilian93@gamil.com	t	t	2026-04-11 06:24:16.763287+00
\.


--
-- Data for Name: security_user_groups; Type: TABLE DATA; Schema: public; Owner: postgres
--

COPY public.security_user_groups (id, user_id, group_id) FROM stdin;
\.


--
-- Data for Name: security_user_user_permissions; Type: TABLE DATA; Schema: public; Owner: postgres
--

COPY public.security_user_user_permissions (id, user_id, permission_id) FROM stdin;
\.


--
-- Name: auth_group_id_seq; Type: SEQUENCE SET; Schema: public; Owner: postgres
--

SELECT pg_catalog.setval('public.auth_group_id_seq', 1, false);


--
-- Name: auth_group_permissions_id_seq; Type: SEQUENCE SET; Schema: public; Owner: postgres
--

SELECT pg_catalog.setval('public.auth_group_permissions_id_seq', 1, false);


--
-- Name: auth_permission_id_seq; Type: SEQUENCE SET; Schema: public; Owner: postgres
--

SELECT pg_catalog.setval('public.auth_permission_id_seq', 40, true);


--
-- Name: django_admin_log_id_seq; Type: SEQUENCE SET; Schema: public; Owner: postgres
--

SELECT pg_catalog.setval('public.django_admin_log_id_seq', 1, true);


--
-- Name: django_content_type_id_seq; Type: SEQUENCE SET; Schema: public; Owner: postgres
--

SELECT pg_catalog.setval('public.django_content_type_id_seq', 10, true);


--
-- Name: django_migrations_id_seq; Type: SEQUENCE SET; Schema: public; Owner: postgres
--

SELECT pg_catalog.setval('public.django_migrations_id_seq', 32, true);


--
-- Name: room_reservations_attribute_id_seq; Type: SEQUENCE SET; Schema: public; Owner: postgres
--

SELECT pg_catalog.setval('public.room_reservations_attribute_id_seq', 8, true);


--
-- Name: room_reservations_reservation_id_seq; Type: SEQUENCE SET; Schema: public; Owner: postgres
--

SELECT pg_catalog.setval('public.room_reservations_reservation_id_seq', 2, true);


--
-- Name: room_reservations_room_attributes_id_seq; Type: SEQUENCE SET; Schema: public; Owner: postgres
--

SELECT pg_catalog.setval('public.room_reservations_room_attributes_id_seq', 300, true);


--
-- Name: room_reservations_room_id_seq; Type: SEQUENCE SET; Schema: public; Owner: postgres
--

SELECT pg_catalog.setval('public.room_reservations_room_id_seq', 100, true);


--
-- Name: room_reservations_roomguardian_id_seq; Type: SEQUENCE SET; Schema: public; Owner: postgres
--

SELECT pg_catalog.setval('public.room_reservations_roomguardian_id_seq', 1, true);


--
-- Name: security_user_groups_id_seq; Type: SEQUENCE SET; Schema: public; Owner: postgres
--

SELECT pg_catalog.setval('public.security_user_groups_id_seq', 1, false);


--
-- Name: security_user_id_seq; Type: SEQUENCE SET; Schema: public; Owner: postgres
--

SELECT pg_catalog.setval('public.security_user_id_seq', 1, true);


--
-- Name: security_user_user_permissions_id_seq; Type: SEQUENCE SET; Schema: public; Owner: postgres
--

SELECT pg_catalog.setval('public.security_user_user_permissions_id_seq', 1, false);


--
-- Name: auth_group auth_group_name_key; Type: CONSTRAINT; Schema: public; Owner: postgres
--

ALTER TABLE ONLY public.auth_group
    ADD CONSTRAINT auth_group_name_key UNIQUE (name);


--
-- Name: auth_group_permissions auth_group_permissions_group_id_permission_id_0cd325b0_uniq; Type: CONSTRAINT; Schema: public; Owner: postgres
--

ALTER TABLE ONLY public.auth_group_permissions
    ADD CONSTRAINT auth_group_permissions_group_id_permission_id_0cd325b0_uniq UNIQUE (group_id, permission_id);


--
-- Name: auth_group_permissions auth_group_permissions_pkey; Type: CONSTRAINT; Schema: public; Owner: postgres
--

ALTER TABLE ONLY public.auth_group_permissions
    ADD CONSTRAINT auth_group_permissions_pkey PRIMARY KEY (id);


--
-- Name: auth_group auth_group_pkey; Type: CONSTRAINT; Schema: public; Owner: postgres
--

ALTER TABLE ONLY public.auth_group
    ADD CONSTRAINT auth_group_pkey PRIMARY KEY (id);


--
-- Name: auth_permission auth_permission_content_type_id_codename_01ab375a_uniq; Type: CONSTRAINT; Schema: public; Owner: postgres
--

ALTER TABLE ONLY public.auth_permission
    ADD CONSTRAINT auth_permission_content_type_id_codename_01ab375a_uniq UNIQUE (content_type_id, codename);


--
-- Name: auth_permission auth_permission_pkey; Type: CONSTRAINT; Schema: public; Owner: postgres
--

ALTER TABLE ONLY public.auth_permission
    ADD CONSTRAINT auth_permission_pkey PRIMARY KEY (id);


--
-- Name: django_admin_log django_admin_log_pkey; Type: CONSTRAINT; Schema: public; Owner: postgres
--

ALTER TABLE ONLY public.django_admin_log
    ADD CONSTRAINT django_admin_log_pkey PRIMARY KEY (id);


--
-- Name: django_content_type django_content_type_app_label_model_76bd3d3b_uniq; Type: CONSTRAINT; Schema: public; Owner: postgres
--

ALTER TABLE ONLY public.django_content_type
    ADD CONSTRAINT django_content_type_app_label_model_76bd3d3b_uniq UNIQUE (app_label, model);


--
-- Name: django_content_type django_content_type_pkey; Type: CONSTRAINT; Schema: public; Owner: postgres
--

ALTER TABLE ONLY public.django_content_type
    ADD CONSTRAINT django_content_type_pkey PRIMARY KEY (id);


--
-- Name: django_migrations django_migrations_pkey; Type: CONSTRAINT; Schema: public; Owner: postgres
--

ALTER TABLE ONLY public.django_migrations
    ADD CONSTRAINT django_migrations_pkey PRIMARY KEY (id);


--
-- Name: django_session django_session_pkey; Type: CONSTRAINT; Schema: public; Owner: postgres
--

ALTER TABLE ONLY public.django_session
    ADD CONSTRAINT django_session_pkey PRIMARY KEY (session_key);


--
-- Name: room_reservations_attribute room_reservations_attribute_name_key; Type: CONSTRAINT; Schema: public; Owner: postgres
--

ALTER TABLE ONLY public.room_reservations_attribute
    ADD CONSTRAINT room_reservations_attribute_name_key UNIQUE (name);


--
-- Name: room_reservations_attribute room_reservations_attribute_pkey; Type: CONSTRAINT; Schema: public; Owner: postgres
--

ALTER TABLE ONLY public.room_reservations_attribute
    ADD CONSTRAINT room_reservations_attribute_pkey PRIMARY KEY (id);


--
-- Name: room_reservations_reservation room_reservations_reservation_pkey; Type: CONSTRAINT; Schema: public; Owner: postgres
--

ALTER TABLE ONLY public.room_reservations_reservation
    ADD CONSTRAINT room_reservations_reservation_pkey PRIMARY KEY (id);


--
-- Name: room_reservations_room_attributes room_reservations_room_a_room_id_attribute_id_be7623df_uniq; Type: CONSTRAINT; Schema: public; Owner: postgres
--

ALTER TABLE ONLY public.room_reservations_room_attributes
    ADD CONSTRAINT room_reservations_room_a_room_id_attribute_id_be7623df_uniq UNIQUE (room_id, attribute_id);


--
-- Name: room_reservations_room_attributes room_reservations_room_attributes_pkey; Type: CONSTRAINT; Schema: public; Owner: postgres
--

ALTER TABLE ONLY public.room_reservations_room_attributes
    ADD CONSTRAINT room_reservations_room_attributes_pkey PRIMARY KEY (id);


--
-- Name: room_reservations_room room_reservations_room_name_key; Type: CONSTRAINT; Schema: public; Owner: postgres
--

ALTER TABLE ONLY public.room_reservations_room
    ADD CONSTRAINT room_reservations_room_name_key UNIQUE (name);


--
-- Name: room_reservations_room room_reservations_room_pkey; Type: CONSTRAINT; Schema: public; Owner: postgres
--

ALTER TABLE ONLY public.room_reservations_room
    ADD CONSTRAINT room_reservations_room_pkey PRIMARY KEY (id);


--
-- Name: room_reservations_roomguardian room_reservations_roomguardian_pkey; Type: CONSTRAINT; Schema: public; Owner: postgres
--

ALTER TABLE ONLY public.room_reservations_roomguardian
    ADD CONSTRAINT room_reservations_roomguardian_pkey PRIMARY KEY (id);


--
-- Name: room_reservations_roomguardian room_reservations_roomguardian_user_id_room_id_4b020eb1_uniq; Type: CONSTRAINT; Schema: public; Owner: postgres
--

ALTER TABLE ONLY public.room_reservations_roomguardian
    ADD CONSTRAINT room_reservations_roomguardian_user_id_room_id_4b020eb1_uniq UNIQUE (user_id, room_id);


--
-- Name: security_user_groups security_user_groups_pkey; Type: CONSTRAINT; Schema: public; Owner: postgres
--

ALTER TABLE ONLY public.security_user_groups
    ADD CONSTRAINT security_user_groups_pkey PRIMARY KEY (id);


--
-- Name: security_user_groups security_user_groups_user_id_group_id_3b1c5bf8_uniq; Type: CONSTRAINT; Schema: public; Owner: postgres
--

ALTER TABLE ONLY public.security_user_groups
    ADD CONSTRAINT security_user_groups_user_id_group_id_3b1c5bf8_uniq UNIQUE (user_id, group_id);


--
-- Name: security_user security_user_pkey; Type: CONSTRAINT; Schema: public; Owner: postgres
--

ALTER TABLE ONLY public.security_user
    ADD CONSTRAINT security_user_pkey PRIMARY KEY (id);


--
-- Name: security_user_user_permissions security_user_user_permi_user_id_permission_id_9f9dfcbe_uniq; Type: CONSTRAINT; Schema: public; Owner: postgres
--

ALTER TABLE ONLY public.security_user_user_permissions
    ADD CONSTRAINT security_user_user_permi_user_id_permission_id_9f9dfcbe_uniq UNIQUE (user_id, permission_id);


--
-- Name: security_user_user_permissions security_user_user_permissions_pkey; Type: CONSTRAINT; Schema: public; Owner: postgres
--

ALTER TABLE ONLY public.security_user_user_permissions
    ADD CONSTRAINT security_user_user_permissions_pkey PRIMARY KEY (id);


--
-- Name: security_user security_user_username_key; Type: CONSTRAINT; Schema: public; Owner: postgres
--

ALTER TABLE ONLY public.security_user
    ADD CONSTRAINT security_user_username_key UNIQUE (username);


--
-- Name: auth_group_name_a6ea08ec_like; Type: INDEX; Schema: public; Owner: postgres
--

CREATE INDEX auth_group_name_a6ea08ec_like ON public.auth_group USING btree (name varchar_pattern_ops);


--
-- Name: auth_group_permissions_group_id_b120cbf9; Type: INDEX; Schema: public; Owner: postgres
--

CREATE INDEX auth_group_permissions_group_id_b120cbf9 ON public.auth_group_permissions USING btree (group_id);


--
-- Name: auth_group_permissions_permission_id_84c5c92e; Type: INDEX; Schema: public; Owner: postgres
--

CREATE INDEX auth_group_permissions_permission_id_84c5c92e ON public.auth_group_permissions USING btree (permission_id);


--
-- Name: auth_permission_content_type_id_2f476e4b; Type: INDEX; Schema: public; Owner: postgres
--

CREATE INDEX auth_permission_content_type_id_2f476e4b ON public.auth_permission USING btree (content_type_id);


--
-- Name: django_admin_log_content_type_id_c4bce8eb; Type: INDEX; Schema: public; Owner: postgres
--

CREATE INDEX django_admin_log_content_type_id_c4bce8eb ON public.django_admin_log USING btree (content_type_id);


--
-- Name: django_admin_log_user_id_c564eba6; Type: INDEX; Schema: public; Owner: postgres
--

CREATE INDEX django_admin_log_user_id_c564eba6 ON public.django_admin_log USING btree (user_id);


--
-- Name: django_session_expire_date_a5c62663; Type: INDEX; Schema: public; Owner: postgres
--

CREATE INDEX django_session_expire_date_a5c62663 ON public.django_session USING btree (expire_date);


--
-- Name: django_session_session_key_c0390e0f_like; Type: INDEX; Schema: public; Owner: postgres
--

CREATE INDEX django_session_session_key_c0390e0f_like ON public.django_session USING btree (session_key varchar_pattern_ops);


--
-- Name: room_reserv_room_id_17806d_idx; Type: INDEX; Schema: public; Owner: postgres
--

CREATE INDEX room_reserv_room_id_17806d_idx ON public.room_reservations_reservation USING btree (room_id, start, "end");


--
-- Name: room_reservations_attribute_name_f088f9da_like; Type: INDEX; Schema: public; Owner: postgres
--

CREATE INDEX room_reservations_attribute_name_f088f9da_like ON public.room_reservations_attribute USING btree (name varchar_pattern_ops);


--
-- Name: room_reservations_reservation_room_id_957a3053; Type: INDEX; Schema: public; Owner: postgres
--

CREATE INDEX room_reservations_reservation_room_id_957a3053 ON public.room_reservations_reservation USING btree (room_id);


--
-- Name: room_reservations_reservation_user_id_3e3a857f; Type: INDEX; Schema: public; Owner: postgres
--

CREATE INDEX room_reservations_reservation_user_id_3e3a857f ON public.room_reservations_reservation USING btree (user_id);


--
-- Name: room_reservations_room_attributes_attribute_id_b930f1b1; Type: INDEX; Schema: public; Owner: postgres
--

CREATE INDEX room_reservations_room_attributes_attribute_id_b930f1b1 ON public.room_reservations_room_attributes USING btree (attribute_id);


--
-- Name: room_reservations_room_attributes_room_id_5a974407; Type: INDEX; Schema: public; Owner: postgres
--

CREATE INDEX room_reservations_room_attributes_room_id_5a974407 ON public.room_reservations_room_attributes USING btree (room_id);


--
-- Name: room_reservations_room_attributes_room_id_attribute_id_uniq; Type: INDEX; Schema: public; Owner: postgres
--

CREATE UNIQUE INDEX room_reservations_room_attributes_room_id_attribute_id_uniq ON public.room_reservations_room_attributes USING btree (room_id, attribute_id);


--
-- Name: room_reservations_room_name_8c359ad0_like; Type: INDEX; Schema: public; Owner: postgres
--

CREATE INDEX room_reservations_room_name_8c359ad0_like ON public.room_reservations_room USING btree (name varchar_pattern_ops);


--
-- Name: room_reservations_roomguardian_room_id_abe8834a; Type: INDEX; Schema: public; Owner: postgres
--

CREATE INDEX room_reservations_roomguardian_room_id_abe8834a ON public.room_reservations_roomguardian USING btree (room_id);


--
-- Name: room_reservations_roomguardian_user_id_55a5c584; Type: INDEX; Schema: public; Owner: postgres
--

CREATE INDEX room_reservations_roomguardian_user_id_55a5c584 ON public.room_reservations_roomguardian USING btree (user_id);


--
-- Name: security_user_groups_group_id_33b312e0; Type: INDEX; Schema: public; Owner: postgres
--

CREATE INDEX security_user_groups_group_id_33b312e0 ON public.security_user_groups USING btree (group_id);


--
-- Name: security_user_groups_user_id_b0265551; Type: INDEX; Schema: public; Owner: postgres
--

CREATE INDEX security_user_groups_user_id_b0265551 ON public.security_user_groups USING btree (user_id);


--
-- Name: security_user_user_permissions_permission_id_6613a932; Type: INDEX; Schema: public; Owner: postgres
--

CREATE INDEX security_user_user_permissions_permission_id_6613a932 ON public.security_user_user_permissions USING btree (permission_id);


--
-- Name: security_user_user_permissions_user_id_adf6f194; Type: INDEX; Schema: public; Owner: postgres
--

CREATE INDEX security_user_user_permissions_user_id_adf6f194 ON public.security_user_user_permissions USING btree (user_id);


--
-- Name: security_user_username_258cb6fd_like; Type: INDEX; Schema: public; Owner: postgres
--

CREATE INDEX security_user_username_258cb6fd_like ON public.security_user USING btree (username varchar_pattern_ops);


--
-- Name: auth_group_permissions auth_group_permissio_permission_id_84c5c92e_fk_auth_perm; Type: FK CONSTRAINT; Schema: public; Owner: postgres
--

ALTER TABLE ONLY public.auth_group_permissions
    ADD CONSTRAINT auth_group_permissio_permission_id_84c5c92e_fk_auth_perm FOREIGN KEY (permission_id) REFERENCES public.auth_permission(id) DEFERRABLE INITIALLY DEFERRED;


--
-- Name: auth_group_permissions auth_group_permissions_group_id_b120cbf9_fk_auth_group_id; Type: FK CONSTRAINT; Schema: public; Owner: postgres
--

ALTER TABLE ONLY public.auth_group_permissions
    ADD CONSTRAINT auth_group_permissions_group_id_b120cbf9_fk_auth_group_id FOREIGN KEY (group_id) REFERENCES public.auth_group(id) DEFERRABLE INITIALLY DEFERRED;


--
-- Name: auth_permission auth_permission_content_type_id_2f476e4b_fk_django_co; Type: FK CONSTRAINT; Schema: public; Owner: postgres
--

ALTER TABLE ONLY public.auth_permission
    ADD CONSTRAINT auth_permission_content_type_id_2f476e4b_fk_django_co FOREIGN KEY (content_type_id) REFERENCES public.django_content_type(id) DEFERRABLE INITIALLY DEFERRED;


--
-- Name: django_admin_log django_admin_log_content_type_id_c4bce8eb_fk_django_co; Type: FK CONSTRAINT; Schema: public; Owner: postgres
--

ALTER TABLE ONLY public.django_admin_log
    ADD CONSTRAINT django_admin_log_content_type_id_c4bce8eb_fk_django_co FOREIGN KEY (content_type_id) REFERENCES public.django_content_type(id) DEFERRABLE INITIALLY DEFERRED;


--
-- Name: django_admin_log django_admin_log_user_id_c564eba6_fk_security_user_id; Type: FK CONSTRAINT; Schema: public; Owner: postgres
--

ALTER TABLE ONLY public.django_admin_log
    ADD CONSTRAINT django_admin_log_user_id_c564eba6_fk_security_user_id FOREIGN KEY (user_id) REFERENCES public.security_user(id) DEFERRABLE INITIALLY DEFERRED;


--
-- Name: room_reservations_reservation room_reservations_re_room_id_957a3053_fk_room_rese; Type: FK CONSTRAINT; Schema: public; Owner: postgres
--

ALTER TABLE ONLY public.room_reservations_reservation
    ADD CONSTRAINT room_reservations_re_room_id_957a3053_fk_room_rese FOREIGN KEY (room_id) REFERENCES public.room_reservations_room(id) DEFERRABLE INITIALLY DEFERRED;


--
-- Name: room_reservations_reservation room_reservations_re_user_id_3e3a857f_fk_security_; Type: FK CONSTRAINT; Schema: public; Owner: postgres
--

ALTER TABLE ONLY public.room_reservations_reservation
    ADD CONSTRAINT room_reservations_re_user_id_3e3a857f_fk_security_ FOREIGN KEY (user_id) REFERENCES public.security_user(id) DEFERRABLE INITIALLY DEFERRED;


--
-- Name: room_reservations_room_attributes room_reservations_ro_attribute_id_b930f1b1_fk_room_rese; Type: FK CONSTRAINT; Schema: public; Owner: postgres
--

ALTER TABLE ONLY public.room_reservations_room_attributes
    ADD CONSTRAINT room_reservations_ro_attribute_id_b930f1b1_fk_room_rese FOREIGN KEY (attribute_id) REFERENCES public.room_reservations_attribute(id) DEFERRABLE INITIALLY DEFERRED;


--
-- Name: room_reservations_room_attributes room_reservations_ro_room_id_5a974407_fk_room_rese; Type: FK CONSTRAINT; Schema: public; Owner: postgres
--

ALTER TABLE ONLY public.room_reservations_room_attributes
    ADD CONSTRAINT room_reservations_ro_room_id_5a974407_fk_room_rese FOREIGN KEY (room_id) REFERENCES public.room_reservations_room(id) DEFERRABLE INITIALLY DEFERRED;


--
-- Name: room_reservations_roomguardian room_reservations_ro_room_id_abe8834a_fk_room_rese; Type: FK CONSTRAINT; Schema: public; Owner: postgres
--

ALTER TABLE ONLY public.room_reservations_roomguardian
    ADD CONSTRAINT room_reservations_ro_room_id_abe8834a_fk_room_rese FOREIGN KEY (room_id) REFERENCES public.room_reservations_room(id) DEFERRABLE INITIALLY DEFERRED;


--
-- Name: room_reservations_roomguardian room_reservations_ro_user_id_55a5c584_fk_security_; Type: FK CONSTRAINT; Schema: public; Owner: postgres
--

ALTER TABLE ONLY public.room_reservations_roomguardian
    ADD CONSTRAINT room_reservations_ro_user_id_55a5c584_fk_security_ FOREIGN KEY (user_id) REFERENCES public.security_user(id) DEFERRABLE INITIALLY DEFERRED;


--
-- Name: security_user_groups security_user_groups_group_id_33b312e0_fk_auth_group_id; Type: FK CONSTRAINT; Schema: public; Owner: postgres
--

ALTER TABLE ONLY public.security_user_groups
    ADD CONSTRAINT security_user_groups_group_id_33b312e0_fk_auth_group_id FOREIGN KEY (group_id) REFERENCES public.auth_group(id) DEFERRABLE INITIALLY DEFERRED;


--
-- Name: security_user_groups security_user_groups_user_id_b0265551_fk_security_user_id; Type: FK CONSTRAINT; Schema: public; Owner: postgres
--

ALTER TABLE ONLY public.security_user_groups
    ADD CONSTRAINT security_user_groups_user_id_b0265551_fk_security_user_id FOREIGN KEY (user_id) REFERENCES public.security_user(id) DEFERRABLE INITIALLY DEFERRED;


--
-- Name: security_user_user_permissions security_user_user_p_permission_id_6613a932_fk_auth_perm; Type: FK CONSTRAINT; Schema: public; Owner: postgres
--

ALTER TABLE ONLY public.security_user_user_permissions
    ADD CONSTRAINT security_user_user_p_permission_id_6613a932_fk_auth_perm FOREIGN KEY (permission_id) REFERENCES public.auth_permission(id) DEFERRABLE INITIALLY DEFERRED;


--
-- Name: security_user_user_permissions security_user_user_p_user_id_adf6f194_fk_security_; Type: FK CONSTRAINT; Schema: public; Owner: postgres
--

ALTER TABLE ONLY public.security_user_user_permissions
    ADD CONSTRAINT security_user_user_p_user_id_adf6f194_fk_security_ FOREIGN KEY (user_id) REFERENCES public.security_user(id) DEFERRABLE INITIALLY DEFERRED;


--
-- PostgreSQL database dump complete
--

\unrestrict CBsPzBoTf1QKZu00e0xfckA36XMJg8txXuWjS9AD7S0HlMGdNUerpAqLViJzP90

